{
    "final_accuracy": 0.8663519453035976,
    "final_loss": 0.32214976043906063,
    "precision": 0.8658536585365854,
    "recall": 0.9748980905385111,
    "f1_score": 0.9171460288626501,
    "auc": 0.9109809742946973,
    "number_of_epochs": 40,
    "hidden_channels": 64,
    "dropout_rate": 0.4350960094823477,
    "learning_rate": 0.0003474836159250096,
    "weight_decay": 2.050302371287062e-06,
    "heads": 4,
    "ID_model": "optuna_5",
    "timestamp": "2025-06-12 06:07:28"
}