{
    "final_accuracy": 0.7597265179879538,
    "final_loss": 0.5816818770060005,
    "precision": 0.7602549436182383,
    "recall": 0.9980690838875778,
    "f1_score": 0.8630797773654917,
    "auc": 0.7386283981040018,
    "number_of_epochs": 25,
    "hidden_channels": 64,
    "dropout_rate": 0.2,
    "learning_rate": 0.0001,
    "ID_model": "L2reg",
    "timestamp": "2025-06-07 20:00:16"
}