{
    "final_accuracy": 0.9148624450594173,
    "final_loss": 0.2565819080530976,
    "precision": 0.9563299514777238,
    "recall": 0.9302724737180863,
    "f1_score": 0.943121261555193,
    "auc": 0.9640385331986412,
    "number_of_epochs": 50,
    "hidden_channels": 64,
    "dropout_rate": 0.20769905887387013,
    "learning_rate": 0.00028108289219865024,
    "weight_decay": 0.00022124809365232036,
    "heads": 2,
    "use_graphnorm": false,
    "use_third_layer": false,
    "best_epoch": 44,
    "best_f1": 0.9506302521008403,
    "early_stopping": false,
    "ID_model": "optuna_9",
    "timestamp": "2025-06-15 23:00:39"
}