{
    "final_accuracy": 0.7607032394595474,
    "final_loss": 0.5002384122150639,
    "precision": 0.7609157808667212,
    "recall": 0.9982836301222914,
    "f1_score": 0.8635857461024499,
    "auc": 0.7519846974391402,
    "number_of_epochs": 40,
    "hidden_channels": 32,
    "dropout_rate": 0.31296104321596024,
    "learning_rate": 0.00013657749000400705,
    "weight_decay": 1.941123930054297e-06,
    "heads": 1,
    "ID_model": "optuna_6",
    "timestamp": "2025-06-12 06:19:29"
}