{
    "final_accuracy": 0.7594009441640892,
    "final_loss": 0.537596735249584,
    "precision": 0.7594977987934127,
    "recall": 0.9993563612958593,
    "f1_score": 0.8630720770798592,
    "auc": 0.6699379176738903,
    "number_of_epochs": 50,
    "hidden_channels": 64,
    "dropout_rate": 0.2,
    "learning_rate": 0.0001,
    "ID_model": "target",
    "timestamp": "2025-06-05 23:20:43"
}