{
    "final_accuracy": 0.7592381572521569,
    "final_loss": 0.5225786719238386,
    "precision": 0.7597126999673522,
    "recall": 0.9984981763570049,
    "f1_score": 0.862890516362288,
    "auc": 0.6664222982157919,
    "number_of_epochs": 50,
    "hidden_channels": 64,
    "dropout_rate": 0.2,
    "learning_rate": 0.0001,
    "weight_decay": 0.0001,
    "heads": 1,
    "use_graphnorm": false,
    "use_third_layer": false,
    "best_epoch": 8,
    "best_f1": 0.8631773969430292,
    "ID_model": "AdamW",
    "timestamp": "2025-06-14 20:12:32"
}