{
    "final_accuracy": 0.7594009441640892,
    "final_loss": 0.5454889800942814,
    "precision": 0.7593286622128076,
    "recall": 0.9997854537652864,
    "f1_score": 0.8631228005186146,
    "auc": 0.6685329438493995,
    "number_of_epochs": 50,
    "hidden_channels": 64,
    "dropout_rate": 0.2,
    "learning_rate": 0.0001,
    "weight_decay": 0.0001,
    "heads": 1,
    "use_graphnorm": false,
    "use_third_layer": false,
    "best_epoch": 10,
    "best_f1": 0.8632826972952945,
    "early_stopping": false,
    "ID_model": "AdamW",
    "timestamp": "2025-06-15 15:52:55"
}