{
    "final_accuracy": 0.9977209832329481,
    "final_loss": 0.01686601978505801,
    "precision": 0.9987121699935608,
    "recall": 0.9982836301222914,
    "f1_score": 0.9984978540772532,
    "auc": 0.9994105045426763,
    "number_of_epochs": 50,
    "hidden_channels": 32,
    "dropout_rate": 0.10816726824152144,
    "learning_rate": 0.0015774847942525067,
    "weight_decay": 2.9086373698920877e-05,
    "heads": 16,
    "use_graphnorm": false,
    "use_third_layer": true,
    "best_epoch": 36,
    "best_f1": 0.9991416309012876,
    "early_stopping": false,
    "ID_model": "optuna_1",
    "timestamp": "2025-06-15 20:24:02"
}