{
    "final_accuracy": 0.7594009441640892,
    "final_loss": 0.538167605137763,
    "precision": 0.7593286622128076,
    "recall": 0.9997854537652864,
    "f1_score": 0.8631228005186146,
    "auc": 0.6691062976703058,
    "number_of_epochs": 50,
    "hidden_channels": 64,
    "dropout_rate": 0.2,
    "learning_rate": 0.0001,
    "ID_model": "target",
    "timestamp": "2025-06-08 23:36:36"
}