{
    "final_accuracy": 0.7572847143089696,
    "final_loss": 0.5077006101297835,
    "precision": 0.7594957432874918,
    "recall": 0.9952799828363013,
    "f1_score": 0.8615470331507104,
    "auc": 0.6958264966626624,
    "number_of_epochs": 50,
    "hidden_channels": 64,
    "dropout_rate": 0.2,
    "learning_rate": 0.0001,
    "weight_decay": 0.0001,
    "heads": 1,
    "use_graphnorm": true,
    "use_third_layer": false,
    "best_epoch": 1,
    "best_f1": 0.8628285820066642,
    "ID_model": "GraphNorm",
    "timestamp": "2025-06-14 20:23:22"
}