{
    "final_accuracy": 0.7587497965163601,
    "final_loss": 0.5679892097056533,
    "precision": 0.7587497965163601,
    "recall": 1.0,
    "f1_score": 0.8628285820066642,
    "auc": 0.7294414906938762,
    "number_of_epochs": 50,
    "hidden_channels": 64,
    "dropout_rate": 0.2,
    "learning_rate": 0.0001,
    "weight_decay": 0.0001,
    "heads": 1,
    "use_graphnorm": true,
    "use_third_layer": false,
    "best_epoch": 17,
    "best_f1": 0.863232023721275,
    "early_stopping": false,
    "ID_model": "GraphNorm",
    "timestamp": "2025-06-15 16:18:48"
}