{
    "final_accuracy": 0.7615171740192088,
    "final_loss": 0.5017595083530372,
    "precision": 0.7612818835840418,
    "recall": 0.9989272688264321,
    "f1_score": 0.8640623550153104,
    "auc": 0.7651739344565596,
    "number_of_epochs": 40,
    "hidden_channels": 128,
    "dropout_rate": 0.4723131880822464,
    "learning_rate": 0.00011179034337952086,
    "weight_decay": 4.067927832839025e-05,
    "heads": 1,
    "ID_model": "optuna_3",
    "timestamp": "2025-06-12 05:42:30"
}