{
    "final_accuracy": 0.7815399641868793,
    "final_loss": 0.4534242725543057,
    "precision": 0.8036596523330284,
    "recall": 0.9422870628620468,
    "f1_score": 0.8674698795180723,
    "auc": 0.7932875982142573,
    "number_of_epochs": 50,
    "hidden_channels": 64,
    "dropout_rate": 0.2,
    "learning_rate": 0.0001,
    "ID_model": "harmony",
    "timestamp": "2025-06-09 07:30:36"
}