{
    "final_accuracy": 0.7895165228715612,
    "final_loss": 0.43432101669410866,
    "precision": 0.8095588235294118,
    "recall": 0.9448616176786098,
    "f1_score": 0.871992871992872,
    "auc": 0.8175240119508912,
    "number_of_epochs": 50,
    "hidden_channels": 64,
    "dropout_rate": 0.2,
    "learning_rate": 0.0001,
    "ID_model": "baseline",
    "timestamp": "2025-06-09 01:04:31"
}