{
    "final_accuracy": 0.9960931141136252,
    "final_loss": 0.013950360962616001,
    "precision": 0.9993538660348912,
    "recall": 0.9954945290710148,
    "f1_score": 0.9974204643164231,
    "auc": 0.9996534976971748,
    "number_of_epochs": 50,
    "hidden_channels": 32,
    "dropout_rate": 0.10054384825003151,
    "learning_rate": 0.001558833526430759,
    "weight_decay": 6.06775433333246e-06,
    "heads": 8,
    "use_graphnorm": false,
    "use_third_layer": true,
    "best_epoch": 46,
    "best_f1": 0.9987138263665595,
    "early_stopping": false,
    "ID_model": "optuna_11",
    "timestamp": "2025-06-15 23:37:18"
}