{
    "final_accuracy": 0.37431527693244065,
    "final_loss": 0.9331897543471994,
    "precision": 0.5,
    "recall": 0.2928015564202335,
    "f1_score": 0.3693251533742331,
    "auc": 0.3246591376419601,
    "number_of_epochs": 25,
    "hidden_channels": 64,
    "dropout_rate": 0.2,
    "learning_rate": 0.0001,
    "ID_model": "smalltest",
    "timestamp": "2025-06-07 20:55:22"
}