{
    "final_accuracy": 0.5806451612903226,
    "final_loss": 0.8083764748665893,
    "precision": 0.6480349344978166,
    "recall": 0.7217898832684825,
    "f1_score": 0.6829268292682927,
    "auc": 0.5409556799848154,
    "number_of_epochs": 50,
    "hidden_channels": 64,
    "dropout_rate": 0.2,
    "learning_rate": 0.0001,
    "ID_model": "smalltest",
    "timestamp": "2025-06-07 13:47:54"
}