{
    "final_accuracy": 0.4418746195982958,
    "final_loss": 1.1877233814267278,
    "precision": 0.6590257879656161,
    "recall": 0.2237354085603113,
    "f1_score": 0.33405954974582425,
    "auc": 0.47330359684919804,
    "number_of_epochs": 50,
    "hidden_channels": 64,
    "dropout_rate": 0.2,
    "learning_rate": 0.0001,
    "ID_model": "smalltest",
    "timestamp": "2025-06-06 20:16:26"
}