{
    "final_accuracy": 0.3986609860012173,
    "final_loss": 1.2033661939565419,
    "precision": 0.5414937759336099,
    "recall": 0.2538910505836576,
    "f1_score": 0.3456953642384106,
    "auc": 0.37516054537977284,
    "number_of_epochs": 50,
    "hidden_channels": 64,
    "dropout_rate": 0.2,
    "learning_rate": 0.0001,
    "ID_model": "smalltest",
    "timestamp": "2025-06-08 23:25:56"
}