{
    "final_accuracy": 0.815562428780726,
    "final_loss": 0.3826429656667945,
    "precision": 0.8288590604026845,
    "recall": 0.9538725595365801,
    "f1_score": 0.8869825436408978,
    "auc": 0.8731040091771356,
    "number_of_epochs": 50,
    "hidden_channels": 64,
    "dropout_rate": 0.2,
    "learning_rate": 0.0001,
    "ID_model": "GraphNorm",
    "timestamp": "2025-06-09 21:32:18"
}