{
    "final_accuracy": 0.7563079928373758,
    "final_loss": 0.5316183303172389,
    "precision": 0.7584122835674616,
    "recall": 0.9961381677751555,
    "f1_score": 0.8611703607530372,
    "auc": 0.639311297900487,
    "number_of_epochs": 50,
    "hidden_channels": 64,
    "dropout_rate": 0.2,
    "learning_rate": 0.0001,
    "ID_model": "combat",
    "timestamp": "2025-06-09 06:12:13"
}