{
    "final_accuracy": 0.9977209832329481,
    "final_loss": 0.01063592623545869,
    "precision": 0.9980707395498393,
    "recall": 0.9989272688264321,
    "f1_score": 0.9984988205018228,
    "auc": 0.9993444903166105,
    "number_of_epochs": 50,
    "hidden_channels": 32,
    "dropout_rate": 0.2874888929458431,
    "learning_rate": 0.0018165954399257099,
    "weight_decay": 8.390116762250784e-06,
    "heads": 16,
    "use_graphnorm": false,
    "use_third_layer": true,
    "best_epoch": 27,
    "best_f1": 0.9986058981233243,
    "early_stopping": false,
    "ID_model": "optuna_17",
    "timestamp": "2025-06-16 02:00:03"
}