{
    "final_accuracy": 0.7860979977209832,
    "final_loss": 0.4385454833197097,
    "precision": 0.8090489381348107,
    "recall": 0.9399270542801974,
    "f1_score": 0.869591107582374,
    "auc": 0.8129582451334052,
    "number_of_epochs": 50,
    "hidden_channels": 64,
    "dropout_rate": 0.2,
    "learning_rate": 0.0001,
    "ID_model": "L2reg",
    "timestamp": "2025-06-09 09:23:15"
}