{
    "final_accuracy": 0.7585870096044278,
    "final_loss": 0.8820697865157854,
    "precision": 0.7587105177466623,
    "recall": 0.9997854537652864,
    "f1_score": 0.8627233175969639,
    "auc": 0.7058209925817961,
    "number_of_epochs": 30,
    "hidden_channels": 32,
    "dropout_rate": 0.33355451800773595,
    "learning_rate": 0.002415980359288978,
    "ID_model": "optuna_19",
    "timestamp": "2025-06-07 08:16:57"
}