{
    "final_accuracy": 0.7903304574312225,
    "final_loss": 0.5010976666429391,
    "precision": 0.7861870015272358,
    "recall": 0.9939927054280198,
    "f1_score": 0.8779609626681827,
    "auc": 0.8034917182547576,
    "number_of_epochs": 40,
    "hidden_channels": 32,
    "dropout_rate": 0.4705850547317221,
    "learning_rate": 0.00011931390315848012,
    "weight_decay": 2.4601906405010303e-05,
    "heads": 4,
    "ID_model": "optuna_8",
    "timestamp": "2025-06-12 06:43:34"
}