{
    "final_accuracy": 0.9925118020511151,
    "final_loss": 0.02627837879313688,
    "precision": 0.99634329963433,
    "recall": 0.9937781591933061,
    "f1_score": 0.9950590762620838,
    "auc": 0.9988705921389217,
    "number_of_epochs": 50,
    "hidden_channels": 32,
    "dropout_rate": 0.19842677027208888,
    "learning_rate": 0.0006491153312530869,
    "weight_decay": 1.4174354039249254e-06,
    "heads": 4,
    "use_graphnorm": false,
    "use_third_layer": true,
    "best_epoch": 46,
    "best_f1": 0.996027911969941,
    "early_stopping": false,
    "ID_model": "optuna_13",
    "timestamp": "2025-06-16 00:09:34"
}