{
    "final_accuracy": 0.9578381898095393,
    "final_loss": 0.12869373669309425,
    "precision": 0.9820411738939991,
    "recall": 0.9620253164556962,
    "f1_score": 0.9719302048336405,
    "auc": 0.9897195148186012,
    "number_of_epochs": 50,
    "hidden_channels": 32,
    "dropout_rate": 0.3621745197853993,
    "learning_rate": 0.0027105240788587405,
    "weight_decay": 0.0008471185158065575,
    "heads": 8,
    "use_graphnorm": false,
    "use_third_layer": false,
    "best_epoch": 29,
    "best_f1": 0.9767242303979405,
    "early_stopping": false,
    "ID_model": "optuna_5",
    "timestamp": "2025-06-15 21:56:54"
}