{
    "final_accuracy": 0.7594009441640892,
    "final_loss": 0.5686970668223997,
    "precision": 0.7602616516762061,
    "recall": 0.997425445183437,
    "f1_score": 0.8628433556050482,
    "auc": 0.6994647346503171,
    "number_of_epochs": 25,
    "hidden_channels": 64,
    "dropout_rate": 0.2,
    "learning_rate": 0.0001,
    "ID_model": "harmony",
    "timestamp": "2025-06-07 17:42:08"
}