{
    "final_accuracy": 0.7585870096044278,
    "final_loss": 0.8229216502077179,
    "precision": 0.7587105177466623,
    "recall": 0.9997854537652864,
    "f1_score": 0.8627233175969639,
    "auc": 0.6993445771774344,
    "number_of_epochs": 50,
    "hidden_channels": 64,
    "dropout_rate": 0.2,
    "learning_rate": 0.0001,
    "ID_model": "harmony",
    "timestamp": "2025-06-08 19:49:19"
}