{
    "final_accuracy": 0.5374315276932441,
    "final_loss": 1.5038293753434153,
    "precision": 0.5914051841746248,
    "recall": 0.8433852140077821,
    "f1_score": 0.6952686447473937,
    "auc": 0.3897962734491158,
    "number_of_epochs": 50,
    "hidden_channels": 64,
    "dropout_rate": 0.2,
    "learning_rate": 0.0001,
    "ID_model": "smalltest",
    "timestamp": "2025-06-09 11:35:54"
}