{
    "final_accuracy": 0.7729122578544685,
    "final_loss": 0.4638337706758951,
    "precision": 0.7846931659693166,
    "recall": 0.9656726024458271,
    "f1_score": 0.8658266807732999,
    "auc": 0.7730976683370003,
    "number_of_epochs": 50,
    "hidden_channels": 64,
    "dropout_rate": 0.2,
    "learning_rate": 0.0001,
    "weight_decay": 0.0001,
    "heads": 1,
    "use_graphnorm": true,
    "use_third_layer": false,
    "best_epoch": 26,
    "best_f1": 0.867723862881018,
    "ID_model": "GraphNorm",
    "timestamp": "2025-06-14 20:34:07"
}