{
    "final_accuracy": 0.9326062184600358,
    "final_loss": 0.30242390907672717,
    "precision": 0.9242757242757242,
    "recall": 0.9924908817850246,
    "f1_score": 0.957169459962756,
    "auc": 0.9913272362825768,
    "number_of_epochs": 50,
    "hidden_channels": 32,
    "dropout_rate": 0.39924193449229783,
    "learning_rate": 0.003062053259967981,
    "weight_decay": 0.00013587394436434625,
    "heads": 16,
    "use_graphnorm": false,
    "use_third_layer": false,
    "best_epoch": 35,
    "best_f1": 0.9883059757536745,
    "early_stopping": false,
    "ID_model": "optuna_7",
    "timestamp": "2025-06-15 22:28:14"
}