{
    "final_accuracy": 0.7603776656356829,
    "final_loss": 0.5008443933523571,
    "precision": 0.7656171914042978,
    "recall": 0.9860544947436173,
    "f1_score": 0.8619654913728432,
    "auc": 0.7092751580070769,
    "number_of_epochs": 50,
    "hidden_channels": 64,
    "dropout_rate": 0.2,
    "learning_rate": 0.0001,
    "weight_decay": 0.0001,
    "heads": 1,
    "use_graphnorm": false,
    "use_third_layer": false,
    "best_epoch": 22,
    "best_f1": 0.8639493765121906,
    "ID_model": "AdamW",
    "timestamp": "2025-06-14 20:20:29"
}