{
    "final_accuracy": 0.7577730750447664,
    "final_loss": 0.4886388214460264,
    "precision": 0.7727350868145092,
    "recall": 0.9643853250375456,
    "f1_score": 0.8579881656804734,
    "auc": 0.7288177575951829,
    "number_of_epochs": 50,
    "hidden_channels": 64,
    "dropout_rate": 0.2,
    "learning_rate": 0.0001,
    "weight_decay": 0.0001,
    "heads": 1,
    "use_graphnorm": false,
    "use_third_layer": false,
    "best_epoch": 30,
    "best_f1": 0.8637713437268003,
    "early_stopping": false,
    "ID_model": "AdamW",
    "timestamp": "2025-06-15 16:05:35"
}