{
    "final_accuracy": 0.904281295783819,
    "final_loss": 0.2399311124366553,
    "precision": 0.9162068260780707,
    "recall": 0.9618107702209826,
    "f1_score": 0.9384550973414276,
    "auc": 0.9455423170008928,
    "number_of_epochs": 40,
    "hidden_channels": 32,
    "dropout_rate": 0.1939249764928055,
    "learning_rate": 0.0003670793682158847,
    "weight_decay": 0.0006474787160086065,
    "heads": 8,
    "ID_model": "optuna_11",
    "timestamp": "2025-06-12 07:20:27"
}