{
    "final_accuracy": 0.761028813283412,
    "final_loss": 0.8421632963387916,
    "precision": 0.7617642236432202,
    "recall": 0.9967818064792963,
    "f1_score": 0.8635687732342008,
    "auc": 0.7463269452988173,
    "number_of_epochs": 25,
    "hidden_channels": 64,
    "dropout_rate": 0.2,
    "learning_rate": 0.0001,
    "ID_model": "weight",
    "timestamp": "2025-06-07 20:47:48"
}