{
    "final_accuracy": 0.8643985023604103,
    "final_loss": 0.320908341188139,
    "precision": 0.9168118466898955,
    "recall": 0.9032396481441751,
    "f1_score": 0.9099751431968011,
    "auc": 0.9117399931264135,
    "number_of_epochs": 40,
    "hidden_channels": 128,
    "dropout_rate": 0.11083123762186119,
    "learning_rate": 0.0011310905724349648,
    "weight_decay": 0.0009418104810666329,
    "heads": 2,
    "ID_model": "optuna_14",
    "timestamp": "2025-06-12 08:00:29"
}