{
    "final_accuracy": 0.7602148787237506,
    "final_loss": 0.5966855424048845,
    "precision": 0.7609692206941716,
    "recall": 0.9972108989487235,
    "f1_score": 0.863218497539233,
    "auc": 0.7556306805169145,
    "number_of_epochs": 50,
    "hidden_channels": 64,
    "dropout_rate": 0.2,
    "learning_rate": 0.0001,
    "ID_model": "L2reg",
    "timestamp": "2025-06-08 21:28:40"
}