{
    "final_accuracy": 0.8417711216018232,
    "final_loss": 0.3711327615310438,
    "precision": 0.8933674557474941,
    "recall": 0.8987341772151899,
    "f1_score": 0.8960427807486631,
    "auc": 0.8739907134197945,
    "number_of_epochs": 40,
    "hidden_channels": 128,
    "dropout_rate": 0.3136639854999238,
    "learning_rate": 0.0036069294625875902,
    "weight_decay": 1.3539050907887354e-05,
    "heads": 8,
    "ID_model": "optuna_1",
    "timestamp": "2025-06-12 05:13:10"
}