{
    "final_accuracy": 0.9181181832980628,
    "final_loss": 0.20437749896761184,
    "precision": 0.9136490250696379,
    "recall": 0.9851963098047629,
    "f1_score": 0.9480747393413853,
    "auc": 0.9689235859275043,
    "number_of_epochs": 40,
    "hidden_channels": 32,
    "dropout_rate": 0.11431885464242819,
    "learning_rate": 0.0019050999722139783,
    "weight_decay": 0.00019515425148562582,
    "heads": 8,
    "ID_model": "optuna_15",
    "timestamp": "2025-06-12 08:12:22"
}