{
    "final_accuracy": 0.9046068696076836,
    "final_loss": 0.24153065222587125,
    "precision": 0.9341572554868953,
    "recall": 0.9405706929843382,
    "f1_score": 0.9373530040624332,
    "auc": 0.9494128353081143,
    "number_of_epochs": 40,
    "hidden_channels": 32,
    "dropout_rate": 0.22618504638512912,
    "learning_rate": 0.0005081817731684204,
    "weight_decay": 0.0002945178325362234,
    "heads": 8,
    "ID_model": "optuna_7",
    "timestamp": "2025-06-12 06:31:35"
}