{
    "final_accuracy": 0.7587497965163601,
    "final_loss": 0.7683579440442069,
    "precision": 0.7592562387864948,
    "recall": 0.9987127225917185,
    "f1_score": 0.8626760563380281,
    "auc": 0.7584912969797624,
    "number_of_epochs": 50,
    "hidden_channels": 64,
    "dropout_rate": 0.2,
    "learning_rate": 0.0001,
    "ID_model": "baseline",
    "timestamp": "2025-06-08 14:28:00"
}