{
    "final_accuracy": 0.7587497965163601,
    "final_loss": 0.5491540809161961,
    "precision": 0.7587497965163601,
    "recall": 1.0,
    "f1_score": 0.8628285820066642,
    "auc": 0.5974117356500852,
    "number_of_epochs": 25,
    "hidden_channels": 64,
    "dropout_rate": 0.2,
    "learning_rate": 0.0001,
    "ID_model": "combat",
    "timestamp": "2025-06-07 17:08:44"
}