{
    "final_accuracy": 0.8139345596614033,
    "final_loss": 0.43198251409921795,
    "precision": 0.8184286748732802,
    "recall": 0.9699635271400987,
    "f1_score": 0.8877761413843888,
    "auc": 0.8049727676840674,
    "number_of_epochs": 40,
    "hidden_channels": 32,
    "dropout_rate": 0.1521852058051179,
    "learning_rate": 0.0012229025680221915,
    "weight_decay": 1.0574007673723355e-05,
    "heads": 1,
    "ID_model": "optuna_0",
    "timestamp": "2025-06-12 04:56:24"
}