{
    "final_accuracy": 0.759889304899886,
    "final_loss": 1.0934609458005677,
    "precision": 0.7607201309328969,
    "recall": 0.9972108989487235,
    "f1_score": 0.8630582118651936,
    "auc": 0.7504198273148915,
    "number_of_epochs": 50,
    "hidden_channels": 64,
    "dropout_rate": 0.2,
    "learning_rate": 0.0001,
    "ID_model": "weight",
    "timestamp": "2025-06-08 23:09:31"
}