{
    "final_accuracy": 0.8010743936187531,
    "final_loss": 0.4113289015367627,
    "precision": 0.7985761416912659,
    "recall": 0.986698133447758,
    "f1_score": 0.882725527831094,
    "auc": 0.8543299107273408,
    "number_of_epochs": 50,
    "hidden_channels": 64,
    "dropout_rate": 0.2,
    "learning_rate": 0.0001,
    "weight_decay": 0.0001,
    "heads": 1,
    "use_graphnorm": false,
    "use_third_layer": false,
    "best_epoch": 47,
    "best_f1": 0.8862488862488862,
    "early_stopping": false,
    "ID_model": "harmony",
    "timestamp": "2025-06-15 15:18:54"
}