{
    "final_accuracy": 0.7577730750447664,
    "final_loss": 0.4880947471829131,
    "precision": 0.7732988802756244,
    "recall": 0.9630980476292641,
    "f1_score": 0.8578253391935792,
    "auc": 0.731484963957101,
    "number_of_epochs": 50,
    "hidden_channels": 64,
    "dropout_rate": 0.2,
    "learning_rate": 0.0001,
    "weight_decay": 0.0001,
    "heads": 1,
    "use_graphnorm": false,
    "use_third_layer": false,
    "best_epoch": 16,
    "best_f1": 0.8641011340397844,
    "early_stopping": false,
    "ID_model": "baseline",
    "timestamp": "2025-06-15 14:31:37"
}