{
    "final_accuracy": 0.7582614357805633,
    "final_loss": 0.49338364888293046,
    "precision": 0.7637873754152824,
    "recall": 0.9864835872130444,
    "f1_score": 0.8609680741503605,
    "auc": 0.7227154951892132,
    "number_of_epochs": 50,
    "hidden_channels": 64,
    "dropout_rate": 0.2,
    "learning_rate": 0.0001,
    "weight_decay": 0.0001,
    "heads": 1,
    "use_graphnorm": false,
    "use_third_layer": false,
    "best_epoch": 15,
    "best_f1": 0.8636826985450838,
    "ID_model": "baseline",
    "timestamp": "2025-06-14 19:42:06"
}