{
    "final_accuracy": 0.7574475012209019,
    "final_loss": 0.5421797798480839,
    "precision": 0.7586038166693851,
    "recall": 0.9978545376528641,
    "f1_score": 0.861934766493699,
    "auc": 0.6001620388667442,
    "number_of_epochs": 50,
    "hidden_channels": 64,
    "dropout_rate": 0.2,
    "learning_rate": 0.0001,
    "weight_decay": 0.0001,
    "heads": 1,
    "use_graphnorm": false,
    "use_third_layer": false,
    "best_epoch": 1,
    "best_f1": 0.8628285820066642,
    "ID_model": "harmony",
    "timestamp": "2025-06-14 19:51:18"
}