{
    "final_accuracy": 0.6742633892235065,
    "final_loss": 0.6332558721769601,
    "precision": 0.7952930728241563,
    "recall": 0.7685046127440464,
    "f1_score": 0.7816693944353519,
    "auc": 0.6370415521913393,
    "number_of_epochs": 50,
    "hidden_channels": 64,
    "dropout_rate": 0.2,
    "learning_rate": 0.0001,
    "weight_decay": 0.0001,
    "heads": 1,
    "use_graphnorm": false,
    "use_third_layer": false,
    "best_epoch": 1,
    "best_f1": 0.8628285820066642,
    "early_stopping": false,
    "ID_model": "harmony",
    "timestamp": "2025-06-15 15:06:11"
}