{
    "final_accuracy": 0.6353573172716913,
    "final_loss": 0.6094846842655292,
    "precision": 0.8698441796516957,
    "recall": 0.6108131302295645,
    "f1_score": 0.7176707839677338,
    "auc": 0.7164193883781955,
    "number_of_epochs": 50,
    "hidden_channels": 64,
    "dropout_rate": 0.2,
    "learning_rate": 0.0001,
    "weight_decay": 0.0001,
    "heads": 1,
    "use_graphnorm": false,
    "use_third_layer": false,
    "best_epoch": 12,
    "best_f1": 0.7373482389710302,
    "ID_model": "weight",
    "timestamp": "2025-06-14 20:08:44"
}