{
    "final_accuracy": 0.6135438710727658,
    "final_loss": 0.6069261428589622,
    "precision": 0.8920123414466918,
    "recall": 0.5582493027247372,
    "f1_score": 0.6867247294800739,
    "auc": 0.7237217778325965,
    "number_of_epochs": 50,
    "hidden_channels": 64,
    "dropout_rate": 0.2,
    "learning_rate": 0.0001,
    "weight_decay": 0.0001,
    "heads": 1,
    "use_graphnorm": false,
    "use_third_layer": false,
    "best_epoch": 9,
    "best_f1": 0.7442193087008343,
    "early_stopping": false,
    "ID_model": "weight",
    "timestamp": "2025-06-15 15:42:18"
}