{
    "final_accuracy": 0.9973954094090836,
    "final_loss": 0.009952040583359745,
    "precision": 0.9967914438502674,
    "recall": 0.9997854537652864,
    "f1_score": 0.998286203941731,
    "auc": 0.9997945741517823,
    "number_of_epochs": 50,
    "hidden_channels": 32,
    "dropout_rate": 0.10142348580908882,
    "learning_rate": 0.0015676814989054211,
    "weight_decay": 4.7792384636298785e-06,
    "heads": 16,
    "use_graphnorm": false,
    "use_third_layer": true,
    "best_epoch": 39,
    "best_f1": 0.9988206282834781,
    "early_stopping": false,
    "ID_model": "optuna_15",
    "timestamp": "2025-06-16 00:45:46"
}