{
    "final_accuracy": 0.7926094741982744,
    "final_loss": 0.44473419423835975,
    "precision": 0.825735718407386,
    "recall": 0.9210469856254023,
    "f1_score": 0.87079107505071,
    "auc": 0.8116654665396184,
    "number_of_epochs": 50,
    "hidden_channels": 64,
    "dropout_rate": 0.2,
    "learning_rate": 0.0001,
    "ID_model": "AdamW",
    "timestamp": "2025-06-10 12:44:21"
}