{
    "final_accuracy": 0.8230506267296109,
    "final_loss": 0.43257206918982166,
    "precision": 0.8451139436075705,
    "recall": 0.9388543231066295,
    "f1_score": 0.8895212928143104,
    "auc": 0.8195514883457384,
    "number_of_epochs": 40,
    "hidden_channels": 64,
    "dropout_rate": 0.2340408583386879,
    "learning_rate": 0.0073808431638748935,
    "weight_decay": 4.297388519205026e-06,
    "heads": 8,
    "ID_model": "optuna_9",
    "timestamp": "2025-06-12 06:56:41"
}