{
    "final_accuracy": 0.7515871723913398,
    "final_loss": 0.4647735363881414,
    "precision": 0.9534278275961816,
    "recall": 0.7071443896159623,
    "f1_score": 0.8120226656812023,
    "auc": 0.864189338065511,
    "number_of_epochs": 50,
    "hidden_channels": 128,
    "dropout_rate": 0.2280679937008937,
    "learning_rate": 0.008794625701354598,
    "weight_decay": 1.4392887956757894e-05,
    "heads": 16,
    "use_graphnorm": false,
    "use_third_layer": true,
    "best_epoch": 46,
    "best_f1": 0.9077189762414601,
    "early_stopping": false,
    "ID_model": "optuna_16",
    "timestamp": "2025-06-16 01:39:53"
}