{
    "final_accuracy": 0.7699820934396875,
    "final_loss": 0.5135391678195447,
    "precision": 0.7705764745084972,
    "recall": 0.9922763355503111,
    "f1_score": 0.8674856982087593,
    "auc": 0.7941899374051951,
    "number_of_epochs": 50,
    "hidden_channels": 64,
    "dropout_rate": 0.2,
    "learning_rate": 0.0001,
    "ID_model": "GraphNorm",
    "timestamp": "2025-06-08 02:18:06"
}