{
    "final_accuracy": 0.7585870096044278,
    "final_loss": 0.649493205632704,
    "precision": 0.7593862226575253,
    "recall": 0.9980690838875778,
    "f1_score": 0.8625196996384537,
    "auc": 0.7550996713475964,
    "number_of_epochs": 50,
    "hidden_channels": 64,
    "dropout_rate": 0.2,
    "learning_rate": 0.0001,
    "ID_model": "AdamW",
    "timestamp": "2025-06-08 11:46:18"
}