{
    "final_accuracy": 0.7600520918118183,
    "final_loss": 0.5417972214248342,
    "precision": 0.760503514794834,
    "recall": 0.9980690838875778,
    "f1_score": 0.8632399331972537,
    "auc": 0.7395793069722314,
    "number_of_epochs": 25,
    "hidden_channels": 64,
    "dropout_rate": 0.2,
    "learning_rate": 0.0001,
    "ID_model": "baseline",
    "timestamp": "2025-06-07 15:02:48"
}