{
    "final_accuracy": 0.9930001627869119,
    "final_loss": 0.025167937426999742,
    "precision": 0.9946443873179092,
    "recall": 0.9961381677751555,
    "f1_score": 0.9953907171186622,
    "auc": 0.9990940416080718,
    "number_of_epochs": 50,
    "hidden_channels": 64,
    "dropout_rate": 0.15386443278601647,
    "learning_rate": 0.0033565630874286346,
    "weight_decay": 6.0573474032368525e-05,
    "heads": 8,
    "use_graphnorm": false,
    "use_third_layer": true,
    "best_epoch": 41,
    "best_f1": 0.9984972091026192,
    "early_stopping": false,
    "ID_model": "optuna_8",
    "timestamp": "2025-06-15 22:48:05"
}