{
    "final_accuracy": 0.5663356666124043,
    "final_loss": 0.6860191291198134,
    "precision": 0.833834837846874,
    "recall": 0.5350783093756705,
    "f1_score": 0.6518557239937272,
    "auc": 0.6389897680844958,
    "number_of_epochs": 50,
    "hidden_channels": 64,
    "dropout_rate": 0.2,
    "learning_rate": 0.0001,
    "weight_decay": 0.0001,
    "heads": 1,
    "use_graphnorm": false,
    "use_third_layer": false,
    "best_epoch": 1,
    "best_f1": 0.8628285820066642,
    "early_stopping": false,
    "ID_model": "combat",
    "timestamp": "2025-06-15 14:42:34"
}