{
    "final_accuracy": 0.8228878398176787,
    "final_loss": 0.3917627328191884,
    "precision": 0.8238172920065253,
    "recall": 0.9751126367732247,
    "f1_score": 0.8931027706818628,
    "auc": 0.863649642813816,
    "number_of_epochs": 40,
    "hidden_channels": 32,
    "dropout_rate": 0.2659605510538954,
    "learning_rate": 0.0063312611958881194,
    "weight_decay": 0.00021530489672663046,
    "heads": 8,
    "ID_model": "optuna_17",
    "timestamp": "2025-06-12 08:40:36"
}