{
    "final_accuracy": 0.7976558684681752,
    "final_loss": 0.40443886280991137,
    "precision": 0.793138936535163,
    "recall": 0.9920617893155975,
    "f1_score": 0.8815174911829187,
    "auc": 0.8908307832443154,
    "number_of_epochs": 50,
    "hidden_channels": 128,
    "dropout_rate": 0.2400506922569028,
    "learning_rate": 0.005694544820866401,
    "weight_decay": 9.58535643822835e-05,
    "heads": 1,
    "use_graphnorm": false,
    "use_third_layer": false,
    "best_epoch": 47,
    "best_f1": 0.8932058584214809,
    "early_stopping": false,
    "ID_model": "optuna_3",
    "timestamp": "2025-06-15 21:31:31"
}