{
    "final_accuracy": 0.863747354712681,
    "final_loss": 0.3931430358206853,
    "precision": 0.9085470085470085,
    "recall": 0.9122505900021455,
    "f1_score": 0.9103950326517504,
    "auc": 0.8844836456993324,
    "number_of_epochs": 50,
    "hidden_channels": 64,
    "dropout_rate": 0.2,
    "learning_rate": 0.0001,
    "weight_decay": 0.0001,
    "heads": 1,
    "use_graphnorm": false,
    "use_third_layer": false,
    "best_epoch": 49,
    "best_f1": 0.912672495523017,
    "early_stopping": false,
    "ID_model": "combat",
    "timestamp": "2025-06-15 14:55:25"
}