{
    "final_accuracy": 0.7584242226924955,
    "final_loss": 0.5166481464790801,
    "precision": 0.7589242053789731,
    "recall": 0.9989272688264321,
    "f1_score": 0.8625416821044831,
    "auc": 0.6864520422572117,
    "number_of_epochs": 50,
    "hidden_channels": 64,
    "dropout_rate": 0.2,
    "learning_rate": 0.0001,
    "weight_decay": 0.0001,
    "heads": 1,
    "use_graphnorm": false,
    "use_third_layer": false,
    "best_epoch": 7,
    "best_f1": 0.8629629629629629,
    "ID_model": "combat",
    "timestamp": "2025-06-14 19:48:53"
}