Epoch,Loss,Train Accuracy,Train F1,Test Accuracy,Test F1,Test Loss
1,0.6840340296427408,0.8,0.888888888888889,1.0,1.0,0.5812651912371317
2,0.6242077747980753,0.8,0.888888888888889,1.0,1.0,0.5593340198198954
