{
    "final_accuracy": 0.8867003092951327,
    "final_loss": 0.29138038339442573,
    "precision": 0.9040146729162422,
    "recall": 0.9517270971894444,
    "f1_score": 0.927257525083612,
    "auc": 0.9176314008826797,
    "number_of_epochs": 40,
    "hidden_channels": 64,
    "dropout_rate": 0.10094681923368663,
    "learning_rate": 0.0018679000974856333,
    "weight_decay": 0.0001214284909786782,
    "heads": 2,
    "ID_model": "optuna_19",
    "timestamp": "2025-06-12 09:05:29"
}