{
    "final_accuracy": 0.6736122415757773,
    "final_loss": 0.6142858212503294,
    "precision": 0.7684997978164173,
    "recall": 0.8154902381463205,
    "f1_score": 0.7912980118663474,
    "auc": 0.5913656432434873,
    "number_of_epochs": 50,
    "hidden_channels": 64,
    "dropout_rate": 0.2,
    "learning_rate": 0.0001,
    "ID_model": "combat",
    "timestamp": "2025-06-08 18:39:55"
}