{
    "final_accuracy": 0.6840306039394433,
    "final_loss": 0.665651416949307,
    "precision": 0.7898550724637681,
    "recall": 0.7951083458485304,
    "f1_score": 0.7924730033144446,
    "auc": 0.6655777938566814,
    "number_of_epochs": 50,
    "hidden_channels": 64,
    "dropout_rate": 0.2,
    "learning_rate": 0.0001,
    "weight_decay": 0.0001,
    "heads": 1,
    "use_graphnorm": false,
    "use_third_layer": false,
    "best_epoch": 27,
    "best_f1": 0.817615203841831,
    "ID_model": "weight",
    "timestamp": "2025-06-14 20:03:12"
}