{
    "final_accuracy": 0.7436106137066579,
    "final_loss": 0.6858275226162126,
    "precision": 0.7740674955595027,
    "recall": 0.934992490881785,
    "f1_score": 0.8469536488193568,
    "auc": 0.6702852162009334,
    "number_of_epochs": 50,
    "hidden_channels": 64,
    "dropout_rate": 0.2,
    "learning_rate": 0.0001,
    "weight_decay": 0.0001,
    "heads": 1,
    "use_graphnorm": false,
    "use_third_layer": false,
    "best_epoch": 48,
    "best_f1": 0.849185699142334,
    "early_stopping": false,
    "ID_model": "weight",
    "timestamp": "2025-06-15 15:29:41"
}