{
    "final_accuracy": 0.7597265179879538,
    "final_loss": 0.9920055724214762,
    "timestamp": "2025-06-05 00:08:48"
}