{
    "final_accuracy": 0.8533289923490152,
    "final_loss": 0.3384800987648002,
    "precision": 0.8478904515173945,
    "recall": 0.9830508474576272,
    "f1_score": 0.910481867858917,
    "auc": 0.908935329510878,
    "number_of_epochs": 40,
    "hidden_channels": 128,
    "dropout_rate": 0.35750484631116963,
    "learning_rate": 0.00043458263552930294,
    "weight_decay": 7.390754352687267e-05,
    "heads": 2,
    "ID_model": "optuna_10",
    "timestamp": "2025-06-12 07:08:35"
}