{
    "final_accuracy": 0.9171414618264692,
    "final_loss": 0.21307996210331717,
    "precision": 0.9205834683954619,
    "recall": 0.9748980905385111,
    "f1_score": 0.9469625924768157,
    "auc": 0.9593146796818925,
    "number_of_epochs": 40,
    "hidden_channels": 128,
    "dropout_rate": 0.10035955326990241,
    "learning_rate": 0.0002690249093092843,
    "weight_decay": 0.0007654691143541109,
    "heads": 8,
    "ID_model": "optuna_12",
    "timestamp": "2025-06-12 07:36:44"
}