{
    "final_accuracy": 0.7374247110532314,
    "final_loss": 0.5257039476030817,
    "precision": 0.8881813550687723,
    "recall": 0.7481227204462562,
    "f1_score": 0.8121579131244905,
    "auc": 0.815194621809421,
    "number_of_epochs": 50,
    "hidden_channels": 64,
    "dropout_rate": 0.2,
    "learning_rate": 0.0001,
    "ID_model": "weight",
    "timestamp": "2025-06-09 11:17:48"
}