{
    "final_accuracy": 0.9029790004883608,
    "final_loss": 0.2391741160051121,
    "precision": 0.9165812666530027,
    "recall": 0.9594507616391332,
    "f1_score": 0.9375262054507337,
    "auc": 0.9466768641273774,
    "number_of_epochs": 40,
    "hidden_channels": 128,
    "dropout_rate": 0.3967089870522864,
    "learning_rate": 0.00019497869601755864,
    "weight_decay": 2.147812935462097e-06,
    "heads": 8,
    "ID_model": "optuna_2",
    "timestamp": "2025-06-12 05:30:02"
}