{
    "final_accuracy": 0.7595637310760215,
    "final_loss": 0.5322638709330931,
    "precision": 0.7595370068470818,
    "recall": 0.9995709075305729,
    "f1_score": 0.8631773969430292,
    "auc": 0.6671716175888536,
    "number_of_epochs": 50,
    "hidden_channels": 64,
    "dropout_rate": 0.2,
    "learning_rate": 0.0001,
    "weight_decay": 0.0001,
    "heads": 1,
    "use_graphnorm": false,
    "use_third_layer": false,
    "best_epoch": 19,
    "best_f1": 0.8632826972952945,
    "ID_model": "baseline",
    "timestamp": "2025-06-14 19:35:41"
}