{
    "final_accuracy": 0.7597265179879538,
    "final_loss": 0.5400742976538216,
    "precision": 0.7595762021189894,
    "recall": 0.9997854537652864,
    "f1_score": 0.8632826972952945,
    "auc": 0.6702886906338843,
    "number_of_epochs": 50,
    "hidden_channels": 64,
    "dropout_rate": 0.2,
    "learning_rate": 0.0001,
    "weight_decay": 0.0001,
    "heads": 1,
    "use_graphnorm": false,
    "use_third_layer": false,
    "best_epoch": 29,
    "best_f1": 0.8632826972952945,
    "early_stopping": false,
    "ID_model": "baseline",
    "timestamp": "2025-06-15 14:18:44"
}