{
    "final_accuracy": 0.9925118020511151,
    "final_loss": 0.021977501916145076,
    "precision": 0.9987032634536417,
    "recall": 0.9914181506114568,
    "f1_score": 0.9950473729543498,
    "auc": 0.9991780794550699,
    "number_of_epochs": 50,
    "hidden_channels": 32,
    "dropout_rate": 0.4961720954217561,
    "learning_rate": 0.0003598071543503612,
    "weight_decay": 1.1179086785876294e-05,
    "heads": 16,
    "use_graphnorm": false,
    "use_third_layer": true,
    "best_epoch": 49,
    "best_f1": 0.9977460555972952,
    "early_stopping": false,
    "ID_model": "optuna_19",
    "timestamp": "2025-06-16 02:40:27"
}